{
  "hash": "0dc7029f",
  "configHash": "c7f20e90",
  "lockfileHash": "dc4b1057",
  "browserHash": "5725eada",
  "optimized": {
    "@angular/common": {
      "src": "../../../../../node_modules/@angular/common/fesm2022/common.mjs",
      "file": "@angular_common.js",
      "fileHash": "223ed3f3",
      "needsInterop": false
    },
    "@angular/common/http": {
      "src": "../../../../../node_modules/@angular/common/fesm2022/http.mjs",
      "file": "@angular_common_http.js",
      "fileHash": "d4251436",
      "needsInterop": false
    },
    "@angular/core": {
      "src": "../../../../../node_modules/@angular/core/fesm2022/core.mjs",
      "file": "@angular_core.js",
      "fileHash": "af92fb1d",
      "needsInterop": false
    },
    "@angular/flex-layout": {
      "src": "../../../../../node_modules/@angular/flex-layout/fesm2020/angular-flex-layout.mjs",
      "file": "@angular_flex-layout.js",
      "fileHash": "9ecc9700",
      "needsInterop": false
    },
    "@angular/flex-layout/flex": {
      "src": "../../../../../node_modules/@angular/flex-layout/fesm2020/angular-flex-layout-flex.mjs",
      "file": "@angular_flex-layout_flex.js",
      "fileHash": "389cad10",
      "needsInterop": false
    },
    "@angular/forms": {
      "src": "../../../../../node_modules/@angular/forms/fesm2022/forms.mjs",
      "file": "@angular_forms.js",
      "fileHash": "a726259a",
      "needsInterop": false
    },
    "@angular/platform-browser": {
      "src": "../../../../../node_modules/@angular/platform-browser/fesm2022/platform-browser.mjs",
      "file": "@angular_platform-browser.js",
      "fileHash": "e4801d2c",
      "needsInterop": false
    },
    "@angular/router": {
      "src": "../../../../../node_modules/@angular/router/fesm2022/router.mjs",
      "file": "@angular_router.js",
      "fileHash": "8f920ec3",
      "needsInterop": false
    },
    "@ng-bootstrap/ng-bootstrap": {
      "src": "../../../../../node_modules/@ng-bootstrap/ng-bootstrap/fesm2022/ng-bootstrap.mjs",
      "file": "@ng-bootstrap_ng-bootstrap.js",
      "fileHash": "d36c2f25",
      "needsInterop": false
    }
  },
  "chunks": {
    "chunk-D3LL7PSS": {
      "file": "chunk-D3LL7PSS.js"
    },
    "chunk-NTL66RUW": {
      "file": "chunk-NTL66RUW.js"
    },
    "chunk-HAXJYRUC": {
      "file": "chunk-HAXJYRUC.js"
    },
    "chunk-ORNOHG5D": {
      "file": "chunk-ORNOHG5D.js"
    },
    "chunk-VWBQDQ5T": {
      "file": "chunk-VWBQDQ5T.js"
    },
    "chunk-OW5ML57R": {
      "file": "chunk-OW5ML57R.js"
    }
  }
}